key,name
dg_admin_portal_0101,dg_admin_portal_0101
dg_admin_portal_0102,dg_admin_portal_0102
dg_admin_portal_0103,dg_admin_portal_0103
dg_admin_portal_0104,dg_admin_portal_0104
dg_admin_portal_0105,dg_admin_portal_0105
dg_admin_portal_0106,dg_admin_portal_0106
dg_admin_portal_0107,dg_admin_portal_0107
dg_admin_portal_0108,dg_admin_portal_0108
dg_admin_portal_0109,dg_admin_portal_0109
dg_admin_portal_0110,dg_admin_portal_0110
dg_admin_portal_0111,dg_admin_portal_0111
dg_admin_portal_0112,dg_admin_portal_0112
dg_admin_portal_0113,dg_admin_portal_0113
dg_admin_portal_0114,dg_admin_portal_0114
dg_admin_portal_0115,dg_admin_portal_0115
dg_admin_portal_0116,dg_admin_portal_0116
dg_admin_portal_0117,dg_admin_portal_0117
dg_admin_portal_0118,dg_admin_portal_0118
dg_admin_portal_0119,dg_admin_portal_0119
dg_admin_portal_0120,dg_admin_portal_0120
dg_admin_portal_0151,dg_admin_portal_0151
dg_admin_portal_0152,dg_admin_portal_0152
dg_admin_portal_0153,dg_admin_portal_0153
dg_admin_portal_0154,dg_admin_portal_0154
dg_admin_portal_0155,dg_admin_portal_0155
dg_admin_portal_0156,dg_admin_portal_0156
dg_admin_portal_0157,dg_admin_portal_0157
dg_admin_portal_0158,dg_admin_portal_0158
dg_admin_portal_0159,dg_admin_portal_0159
dg_admin_portal_0160,dg_admin_portal_0160
dg_admin_portal_0161,dg_admin_portal_0161
dg_admin_portal_0162,dg_admin_portal_0162
dg_admin_portal_0163,dg_admin_portal_0163
dg_admin_portal_0164,dg_admin_portal_0164
dg_admin_portal_0165,dg_admin_portal_0165
dg_admin_portal_0166,dg_admin_portal_0166
dg_admin_portal_0167,dg_admin_portal_0167
dg_admin_portal_0168,dg_admin_portal_0168
dg_admin_portal_0169,dg_admin_portal_0169
dg_admin_portal_0170,dg_admin_portal_0170
dg_admin_portal_0171,dg_admin_portal_0171
dg_admin_portal_0172,dg_admin_portal_0172
dg_admin_portal_0173,dg_admin_portal_0173
dg_admin_portal_0174,dg_admin_portal_0174
dg_admin_portal_0175,dg_admin_portal_0175
dg_admin_portal_0176,dg_admin_portal_0176
dg_admin_portal_0177,dg_admin_portal_0177
dg_admin_portal_0178,dg_admin_portal_0178
dg_admin_portal_0179,dg_admin_portal_0179
dg_admin_portal_0180,dg_admin_portal_0180
dg_df_0001,dg_df_0001
dg_df_0002,dg_df_0002
dg_df_0003,dg_df_0003
dg_df_0004,dg_df_0004
dg_df_0005,dg_df_0005
dg_df_0006,dg_df_0006
dg_df_0007,dg_df_0007
dg_df_0008,dg_df_0008
dg_df_0009,dg_df_0009
dg_df_0010,dg_df_0010
dg_df_0011,dg_df_0011
dg_df_0012,dg_df_0012
dg_df_0013,dg_df_0013
dg_df_0014,dg_df_0014
dg_df_0015,dg_df_0015
dg_df_0016,dg_df_0016
dg_df_0017,dg_df_0017
dg_df_0018,dg_df_0018
dg_df_0019,dg_df_0019
dg_df_0020,dg_df_0020
dg_df_0021,dg_df_0021
dg_df_0022,dg_df_0022
dg_df_0023,dg_df_0023
dg_df_0024,dg_df_0024
dg_df_0025,dg_df_0025
dg_df_0026,dg_df_0026
dg_df_0027,dg_df_0027
dg_df_0028,dg_df_0028
dg_df_0029,dg_df_0029
dg_df_0030,dg_df_0030
dg_df_0031,dg_df_0031
dg_df_0032,dg_df_0032
dg_df_0033,dg_df_0033
dg_df_0034,dg_df_0034
dg_df_0035,dg_df_0035
dg_df_0036,dg_df_0036
dg_df_0037,dg_df_0037
dg_df_0038,dg_df_0038
dg_df_0039,dg_df_0039
dg_df_0040,dg_df_0040
dg_df_0041,dg_df_0041
dg_df_0042,dg_df_0042
dg_df_0043,dg_df_0043
dg_df_0044,dg_df_0044
dg_df_0045,dg_df_0045
dg_df_0046,dg_df_0046
dg_df_0047,dg_df_0047
dg_df_0048,dg_df_0048
dg_df_0049,dg_df_0049
dg_df_0050,dg_df_0050
dg_df_0051,dg_df_0051
dg_df_0052,dg_df_0052
dg_df_0053,dg_df_0053
dg_df_0054,dg_df_0054
dg_df_0055,dg_df_0055
dg_df_0056,dg_df_0056
dg_df_0057,dg_df_0057
dg_df_0058,dg_df_0058
dg_df_0059,dg_df_0059
dg_df_0060,dg_df_0060
dg_df_0061,dg_df_0061
dg_df_0062,dg_df_0062
dg_df_0063,dg_df_0063
dg_df_0064,dg_df_0064
dg_df_0065,dg_df_0065
dg_df_0066,dg_df_0066
dg_df_0067,dg_df_0067
dg_df_0068,dg_df_0068
dg_df_0069,dg_df_0069
dg_df_0070,dg_df_0070
dg_df_0071,dg_df_0071
dg_df_0072,dg_df_0072
dg_df_0073,dg_df_0073
dg_df_0074,dg_df_0074
dg_df_0075,dg_df_0075
dg_df_0076,dg_df_0076
dg_df_0077,dg_df_0077
dg_df_0078,dg_df_0078
dg_df_0079,dg_df_0079
dg_df_0080,dg_df_0080
dg_df_0081,dg_df_0081
dg_df_0082,dg_df_0082
dg_df_0083,dg_df_0083
dg_df_0084,dg_df_0084
dg_df_0085,dg_df_0085
dg_df_0086,dg_df_0086
dg_df_0087,dg_df_0087
dg_df_0088,dg_df_0088
dg_df_0089,dg_df_0089
dg_df_0090,dg_df_0090
dg_df_0091,dg_df_0091
dg_df_0092,dg_df_0092
dg_df_0093,dg_df_0093
dg_df_0094,dg_df_0094
dg_df_0095,dg_df_0095
dg_df_0096,dg_df_0096
dg_df_0097,dg_df_0097
dg_df_0098,dg_df_0098
dg_df_0099,dg_df_0099
dg_df_0100,dg_df_0100
dg_df_0101,dg_df_0101
dg_df_0102,dg_df_0102
dg_df_0103,dg_df_0103
dg_df_0104,dg_df_0104
dg_df_0105,dg_df_0105
dg_df_0106,dg_df_0106
dg_df_0107,dg_df_0107
dg_df_0108,dg_df_0108
dg_df_0109,dg_df_0109
dg_df_0110,dg_df_0110
dg_df_0111,dg_df_0111
dg_df_0112,dg_df_0112
dg_df_0113,dg_df_0113
dg_df_0114,dg_df_0114
dg_df_0115,dg_df_0115
dg_df_0116,dg_df_0116
dg_df_0117,dg_df_0117
dg_df_0118,dg_df_0118
dg_df_0119,dg_df_0119
dg_df_0120,dg_df_0120
dg_df_0121,dg_df_0121
dg_df_0122,dg_df_0122
dg_df_0123,dg_df_0123
dg_df_0124,dg_df_0124
dg_df_0125,dg_df_0125
dg_df_0126,dg_df_0126
dg_df_0127,dg_df_0127
dg_df_0128,dg_df_0128
dg_df_0129,dg_df_0129
dg_df_0130,dg_df_0130
dg_df_0131,dg_df_0131
dg_df_0132,dg_df_0132
dg_df_0133,dg_df_0133
dg_df_0134,dg_df_0134
dg_df_0135,dg_df_0135
dg_df_0136,dg_df_0136
dg_df_0137,dg_df_0137
dg_df_0138,dg_df_0138
dg_df_0139,dg_df_0139
dg_df_0140,dg_df_0140
dg_df_0141,dg_df_0141
dg_df_0142,dg_df_0142
dg_df_0143,dg_df_0143
dg_df_0144,dg_df_0144
dg_df_0145,dg_df_0145
dg_df_0146,dg_df_0146
dg_df_0147,dg_df_0147
dg_df_0148,dg_df_0148
dg_df_0149,dg_df_0149
dg_df_0150,dg_df_0150
dg_df_0151,dg_df_0151
dg_df_0152,dg_df_0152
dg_df_0153,dg_df_0153
dg_df_0154,dg_df_0154
dg_df_0155,dg_df_0155
dg_df_0156,dg_df_0156
dg_df_0157,dg_df_0157
dg_df_0158,dg_df_0158
dg_df_0159,dg_df_0159
dg_df_0160,dg_df_0160
dg_df_0161,dg_df_0161
dg_df_0162,dg_df_0162
dg_df_0163,dg_df_0163
dg_df_0164,dg_df_0164
dg_df_0165,dg_df_0165
dg_df_0166,dg_df_0166
dg_df_0167,dg_df_0167
dg_df_0168,dg_df_0168
dg_df_0169,dg_df_0169
dg_df_0170,dg_df_0170
dg_df_0171,dg_df_0171
dg_df_0172,dg_df_0172
dg_df_0173,dg_df_0173
dg_df_0174,dg_df_0174
dg_df_0175,dg_df_0175
dg_df_0176,dg_df_0176
dg_df_0177,dg_df_0177
dg_df_0178,dg_df_0178
dg_df_0179,dg_df_0179
dg_df_0180,dg_df_0180
dg_df_0181,dg_df_0181
dg_df_0182,dg_df_0182
dg_df_0183,dg_df_0183
dg_df_0184,dg_df_0184
dg_df_0185,dg_df_0185
dg_df_0186,dg_df_0186
dg_df_0187,dg_df_0187
dg_df_0188,dg_df_0188
dg_df_0189,dg_df_0189
dg_df_0190,dg_df_0190
dg_df_0191,dg_df_0191
dg_df_0192,dg_df_0192
dg_df_0193,dg_df_0193
dg_df_0194,dg_df_0194
dg_df_0195,dg_df_0195
dg_df_0196,dg_df_0196
dg_df_0197,dg_df_0197
dg_df_0198,dg_df_0198
dg_df_0199,dg_df_0199
dg_df_0200,dg_df_0200
dg_df_0201,dg_df_0201
dg_df_0202,dg_df_0202
dg_df_0203,dg_df_0203
dg_df_0204,dg_df_0204
dg_df_0205,dg_df_0205
dg_df_0206,dg_df_0206
dg_df_0207,dg_df_0207
dg_df_0208,dg_df_0208
dg_df_0209,dg_df_0209
dg_df_0210,dg_df_0210
dg_df_0211,dg_df_0211
dg_df_0212,dg_df_0212
dg_df_0213,dg_df_0213
dg_df_0214,dg_df_0214
dg_df_0215,dg_df_0215
dg_df_0216,dg_df_0216
dg_df_0217,dg_df_0217
dg_df_0218,dg_df_0218
dg_df_0219,dg_df_0219
dg_df_0220,dg_df_0220
dg_df_0221,dg_df_0221
dg_df_0222,dg_df_0222
dg_df_0223,dg_df_0223
dg_df_0224,dg_df_0224
dg_df_0225,dg_df_0225
dg_df_0226,dg_df_0226
dg_df_0227,dg_df_0227
dg_df_0228,dg_df_0228
dg_df_0229,dg_df_0229
dg_df_0230,dg_df_0230
dg_df_0231,dg_df_0231
dg_df_0232,dg_df_0232
dg_df_0233,dg_df_0233
dg_df_0234,dg_df_0234
dg_df_0235,dg_df_0235
dg_df_0236,dg_df_0236
dg_df_0237,dg_df_0237
dg_df_0238,dg_df_0238
dg_df_0239,dg_df_0239
dg_df_0240,dg_df_0240
dg_df_0241,dg_df_0241
dg_df_0242,dg_df_0242
dg_df_0243,dg_df_0243
dg_df_0244,dg_df_0244
dg_df_0245,dg_df_0245
dg_df_0246,dg_df_0246
dg_df_0247,dg_df_0247
dg_df_0248,dg_df_0248
dg_df_0249,dg_df_0249
dg_df_0250,dg_df_0250
dg_df_0251,dg_df_0251
dg_df_0252,dg_df_0252
dg_df_0253,dg_df_0253
dg_df_0254,dg_df_0254
dg_df_0255,dg_df_0255
dg_df_0256,dg_df_0256
dg_df_0257,dg_df_0257
dg_df_0258,dg_df_0258
dg_df_0259,dg_df_0259
dg_df_0260,dg_df_0260
dg_df_0261,dg_df_0261
dg_df_0262,dg_df_0262
dg_df_0263,dg_df_0263
dg_df_0264,dg_df_0264
dg_df_0265,dg_df_0265
dg_df_0266,dg_df_0266
dg_df_0267,dg_df_0267
dg_df_0268,dg_df_0268
dg_df_0269,dg_df_0269
dg_df_0270,dg_df_0270
dg_df_0271,dg_df_0271
dg_df_0272,dg_df_0272
dg_df_0273,dg_df_0273
dg_df_0274,dg_df_0274
dg_df_0275,dg_df_0275
dg_df_0276,dg_df_0276
dg_df_0277,dg_df_0277
dg_df_0278,dg_df_0278
dg_df_0279,dg_df_0279
dg_df_0280,dg_df_0280
dg_df_0281,dg_df_0281
dg_df_0282,dg_df_0282
dg_df_0283,dg_df_0283
dg_df_0284,dg_df_0284
dg_df_0285,dg_df_0285
dg_df_0286,dg_df_0286
dg_df_0287,dg_df_0287
dg_df_0288,dg_df_0288
dg_df_0289,dg_df_0289
dg_df_0290,dg_df_0290
dg_df_0291,dg_df_0291
dg_df_0292,dg_df_0292
dg_df_0293,dg_df_0293
dg_df_0294,dg_df_0294
dg_df_0295,dg_df_0295
dg_df_0296,dg_df_0296
dg_df_0297,dg_df_0297
dg_df_0298,dg_df_0298
dg_df_0299,dg_df_0299
dg_df_0300,dg_df_0300
dg_file_upload_0081,dg_file_upload_0081
dg_file_upload_0082,dg_file_upload_0082
dg_file_upload_0083,dg_file_upload_0083
dg_file_upload_0084,dg_file_upload_0084
dg_file_upload_0085,dg_file_upload_0085
dg_file_upload_0086,dg_file_upload_0086
dg_file_upload_0087,dg_file_upload_0087
dg_file_upload_0088,dg_file_upload_0088
dg_file_upload_0089,dg_file_upload_0089
dg_file_upload_0090,dg_file_upload_0090
dg_file_upload_0091,dg_file_upload_0091
dg_file_upload_0092,dg_file_upload_0092
dg_file_upload_0093,dg_file_upload_0093
dg_file_upload_0094,dg_file_upload_0094
dg_file_upload_0095,dg_file_upload_0095
dg_file_upload_0096,dg_file_upload_0096
dg_file_upload_0097,dg_file_upload_0097
dg_file_upload_0098,dg_file_upload_0098
dg_file_upload_0099,dg_file_upload_0099
dg_file_upload_0100,dg_file_upload_0100
dg_file_upload_0121,dg_file_upload_0121
dg_file_upload_0122,dg_file_upload_0122
dg_file_upload_0123,dg_file_upload_0123
dg_file_upload_0124,dg_file_upload_0124
dg_file_upload_0125,dg_file_upload_0125
dg_file_upload_0126,dg_file_upload_0126
dg_file_upload_0127,dg_file_upload_0127
dg_file_upload_0128,dg_file_upload_0128
dg_file_upload_0129,dg_file_upload_0129
dg_file_upload_0130,dg_file_upload_0130
dg_file_upload_0131,dg_file_upload_0131
dg_file_upload_0132,dg_file_upload_0132
dg_file_upload_0133,dg_file_upload_0133
dg_file_upload_0134,dg_file_upload_0134
dg_file_upload_0135,dg_file_upload_0135
dg_file_upload_0136,dg_file_upload_0136
dg_file_upload_0137,dg_file_upload_0137
dg_file_upload_0138,dg_file_upload_0138
dg_file_upload_0139,dg_file_upload_0139
dg_file_upload_0140,dg_file_upload_0140
dg_file_upload_0141,dg_file_upload_0141
dg_file_upload_0142,dg_file_upload_0142
dg_file_upload_0143,dg_file_upload_0143
dg_file_upload_0144,dg_file_upload_0144
dg_file_upload_0145,dg_file_upload_0145
dg_file_upload_0146,dg_file_upload_0146
dg_file_upload_0147,dg_file_upload_0147
dg_file_upload_0148,dg_file_upload_0148
dg_file_upload_0149,dg_file_upload_0149
dg_file_upload_0150,dg_file_upload_0150
dg_iot_0021,dg_iot_0021
dg_iot_0022,dg_iot_0022
dg_iot_0023,dg_iot_0023
dg_iot_0024,dg_iot_0024
dg_iot_0025,dg_iot_0025
dg_iot_0026,dg_iot_0026
dg_iot_0027,dg_iot_0027
dg_iot_0028,dg_iot_0028
dg_iot_0029,dg_iot_0029
dg_iot_0030,dg_iot_0030
dg_iot_0031,dg_iot_0031
dg_iot_0032,dg_iot_0032
dg_iot_0033,dg_iot_0033
dg_iot_0034,dg_iot_0034
dg_iot_0035,dg_iot_0035
dg_iot_0036,dg_iot_0036
dg_iot_0037,dg_iot_0037
dg_iot_0038,dg_iot_0038
dg_iot_0039,dg_iot_0039
dg_iot_0040,dg_iot_0040
dg_iot_0041,dg_iot_0041
dg_iot_0042,dg_iot_0042
dg_iot_0043,dg_iot_0043
dg_iot_0044,dg_iot_0044
dg_iot_0045,dg_iot_0045
dg_iot_0046,dg_iot_0046
dg_iot_0047,dg_iot_0047
dg_iot_0048,dg_iot_0048
dg_iot_0049,dg_iot_0049
dg_iot_0050,dg_iot_0050
dg_iot_0051,dg_iot_0051
dg_iot_0052,dg_iot_0052
dg_iot_0053,dg_iot_0053
dg_iot_0054,dg_iot_0054
dg_iot_0055,dg_iot_0055
dg_iot_0056,dg_iot_0056
dg_iot_0057,dg_iot_0057
dg_iot_0058,dg_iot_0058
dg_iot_0059,dg_iot_0059
dg_iot_0060,dg_iot_0060
dg_microservice_0061,dg_microservice_0061
dg_microservice_0062,dg_microservice_0062
dg_microservice_0063,dg_microservice_0063
dg_microservice_0064,dg_microservice_0064
dg_microservice_0065,dg_microservice_0065
dg_microservice_0066,dg_microservice_0066
dg_microservice_0067,dg_microservice_0067
dg_microservice_0068,dg_microservice_0068
dg_microservice_0069,dg_microservice_0069
dg_microservice_0070,dg_microservice_0070
dg_microservice_0071,dg_microservice_0071
dg_microservice_0072,dg_microservice_0072
dg_microservice_0073,dg_microservice_0073
dg_microservice_0074,dg_microservice_0074
dg_microservice_0075,dg_microservice_0075
dg_microservice_0076,dg_microservice_0076
dg_microservice_0077,dg_microservice_0077
dg_microservice_0078,dg_microservice_0078
dg_microservice_0079,dg_microservice_0079
dg_microservice_0080,dg_microservice_0080
dg_microservice_0091,dg_microservice_0091
dg_microservice_0092,dg_microservice_0092
dg_microservice_0093,dg_microservice_0093
dg_microservice_0094,dg_microservice_0094
dg_microservice_0095,dg_microservice_0095
dg_microservice_0096,dg_microservice_0096
dg_microservice_0097,dg_microservice_0097
dg_microservice_0098,dg_microservice_0098
dg_microservice_0099,dg_microservice_0099
dg_microservice_0100,dg_microservice_0100
dg_microservice_0101,dg_microservice_0101
dg_microservice_0102,dg_microservice_0102
dg_microservice_0103,dg_microservice_0103
dg_microservice_0104,dg_microservice_0104
dg_microservice_0105,dg_microservice_0105
dg_microservice_0106,dg_microservice_0106
dg_microservice_0107,dg_microservice_0107
dg_microservice_0108,dg_microservice_0108
dg_microservice_0109,dg_microservice_0109
dg_microservice_0110,dg_microservice_0110
dg_microservice_0111,dg_microservice_0111
dg_microservice_0112,dg_microservice_0112
dg_microservice_0113,dg_microservice_0113
dg_microservice_0114,dg_microservice_0114
dg_microservice_0115,dg_microservice_0115
dg_microservice_0116,dg_microservice_0116
dg_microservice_0117,dg_microservice_0117
dg_microservice_0118,dg_microservice_0118
dg_microservice_0119,dg_microservice_0119
dg_microservice_0120,dg_microservice_0120
dg_oauth_0121,dg_oauth_0121
dg_oauth_0122,dg_oauth_0122
dg_oauth_0123,dg_oauth_0123
dg_oauth_0124,dg_oauth_0124
dg_oauth_0125,dg_oauth_0125
dg_oauth_0126,dg_oauth_0126
dg_oauth_0127,dg_oauth_0127
dg_oauth_0128,dg_oauth_0128
dg_oauth_0129,dg_oauth_0129
dg_oauth_0130,dg_oauth_0130
dg_oauth_0131,dg_oauth_0131
dg_oauth_0132,dg_oauth_0132
dg_oauth_0133,dg_oauth_0133
dg_oauth_0134,dg_oauth_0134
dg_oauth_0135,dg_oauth_0135
dg_oauth_0136,dg_oauth_0136
dg_oauth_0137,dg_oauth_0137
dg_oauth_0138,dg_oauth_0138
dg_oauth_0139,dg_oauth_0139
dg_oauth_0140,dg_oauth_0140
dg_oauth_0181,dg_oauth_0181
dg_oauth_0182,dg_oauth_0182
dg_oauth_0183,dg_oauth_0183
dg_oauth_0184,dg_oauth_0184
dg_oauth_0185,dg_oauth_0185
dg_oauth_0186,dg_oauth_0186
dg_oauth_0187,dg_oauth_0187
dg_oauth_0188,dg_oauth_0188
dg_oauth_0189,dg_oauth_0189
dg_oauth_0190,dg_oauth_0190
dg_oauth_0191,dg_oauth_0191
dg_oauth_0192,dg_oauth_0192
dg_oauth_0193,dg_oauth_0193
dg_oauth_0194,dg_oauth_0194
dg_oauth_0195,dg_oauth_0195
dg_oauth_0196,dg_oauth_0196
dg_oauth_0197,dg_oauth_0197
dg_oauth_0198,dg_oauth_0198
dg_oauth_0199,dg_oauth_0199
dg_oauth_0200,dg_oauth_0200
dg_oauth_0201,dg_oauth_0201
dg_oauth_0202,dg_oauth_0202
dg_oauth_0203,dg_oauth_0203
dg_oauth_0204,dg_oauth_0204
dg_oauth_0205,dg_oauth_0205
dg_oauth_0206,dg_oauth_0206
dg_oauth_0207,dg_oauth_0207
dg_oauth_0208,dg_oauth_0208
dg_oauth_0209,dg_oauth_0209
dg_oauth_0210,dg_oauth_0210
dg_payment_0041,dg_payment_0041
dg_payment_0042,dg_payment_0042
dg_payment_0043,dg_payment_0043
dg_payment_0044,dg_payment_0044
dg_payment_0045,dg_payment_0045
dg_payment_0046,dg_payment_0046
dg_payment_0047,dg_payment_0047
dg_payment_0048,dg_payment_0048
dg_payment_0049,dg_payment_0049
dg_payment_0050,dg_payment_0050
dg_payment_0051,dg_payment_0051
dg_payment_0052,dg_payment_0052
dg_payment_0053,dg_payment_0053
dg_payment_0054,dg_payment_0054
dg_payment_0055,dg_payment_0055
dg_payment_0056,dg_payment_0056
dg_payment_0057,dg_payment_0057
dg_payment_0058,dg_payment_0058
dg_payment_0059,dg_payment_0059
dg_payment_0060,dg_payment_0060
dg_payment_0061,dg_payment_0061
dg_payment_0062,dg_payment_0062
dg_payment_0063,dg_payment_0063
dg_payment_0064,dg_payment_0064
dg_payment_0065,dg_payment_0065
dg_payment_0066,dg_payment_0066
dg_payment_0067,dg_payment_0067
dg_payment_0068,dg_payment_0068
dg_payment_0069,dg_payment_0069
dg_payment_0070,dg_payment_0070
dg_payment_0071,dg_payment_0071
dg_payment_0072,dg_payment_0072
dg_payment_0073,dg_payment_0073
dg_payment_0074,dg_payment_0074
dg_payment_0075,dg_payment_0075
dg_payment_0076,dg_payment_0076
dg_payment_0077,dg_payment_0077
dg_payment_0078,dg_payment_0078
dg_payment_0079,dg_payment_0079
dg_payment_0080,dg_payment_0080
dg_payment_0081,dg_payment_0081
dg_payment_0082,dg_payment_0082
dg_payment_0083,dg_payment_0083
dg_payment_0084,dg_payment_0084
dg_payment_0085,dg_payment_0085
dg_payment_0086,dg_payment_0086
dg_payment_0087,dg_payment_0087
dg_payment_0088,dg_payment_0088
dg_payment_0089,dg_payment_0089
dg_payment_0090,dg_payment_0090
dg_webapp_0001,dg_webapp_0001
dg_webapp_0002,dg_webapp_0002
dg_webapp_0003,dg_webapp_0003
dg_webapp_0004,dg_webapp_0004
dg_webapp_0005,dg_webapp_0005
dg_webapp_0006,dg_webapp_0006
dg_webapp_0007,dg_webapp_0007
dg_webapp_0008,dg_webapp_0008
dg_webapp_0009,dg_webapp_0009
dg_webapp_0010,dg_webapp_0010
dg_webapp_0011,dg_webapp_0011
dg_webapp_0012,dg_webapp_0012
dg_webapp_0013,dg_webapp_0013
dg_webapp_0014,dg_webapp_0014
dg_webapp_0015,dg_webapp_0015
dg_webapp_0016,dg_webapp_0016
dg_webapp_0017,dg_webapp_0017
dg_webapp_0018,dg_webapp_0018
dg_webapp_0019,dg_webapp_0019
dg_webapp_0020,dg_webapp_0020
dg_webapp_0021,dg_webapp_0021
dg_webapp_0022,dg_webapp_0022
dg_webapp_0023,dg_webapp_0023
dg_webapp_0024,dg_webapp_0024
dg_webapp_0025,dg_webapp_0025
dg_webapp_0026,dg_webapp_0026
dg_webapp_0027,dg_webapp_0027
dg_webapp_0028,dg_webapp_0028
dg_webapp_0029,dg_webapp_0029
dg_webapp_0030,dg_webapp_0030
dg_webhook_0141,dg_webhook_0141
dg_webhook_0142,dg_webhook_0142
dg_webhook_0143,dg_webhook_0143
dg_webhook_0144,dg_webhook_0144
dg_webhook_0145,dg_webhook_0145
dg_webhook_0146,dg_webhook_0146
dg_webhook_0147,dg_webhook_0147
dg_webhook_0148,dg_webhook_0148
dg_webhook_0149,dg_webhook_0149
dg_webhook_0150,dg_webhook_0150
dg_webhook_0151,dg_webhook_0151
dg_webhook_0152,dg_webhook_0152
dg_webhook_0153,dg_webhook_0153
dg_webhook_0154,dg_webhook_0154
dg_webhook_0155,dg_webhook_0155
dg_webhook_0156,dg_webhook_0156
dg_webhook_0157,dg_webhook_0157
dg_webhook_0158,dg_webhook_0158
dg_webhook_0159,dg_webhook_0159
dg_webhook_0160,dg_webhook_0160
dg_webhook_0211,dg_webhook_0211
dg_webhook_0212,dg_webhook_0212
dg_webhook_0213,dg_webhook_0213
dg_webhook_0214,dg_webhook_0214
dg_webhook_0215,dg_webhook_0215
dg_webhook_0216,dg_webhook_0216
dg_webhook_0217,dg_webhook_0217
dg_webhook_0218,dg_webhook_0218
dg_webhook_0219,dg_webhook_0219
dg_webhook_0220,dg_webhook_0220
dg_webhook_0221,dg_webhook_0221
dg_webhook_0222,dg_webhook_0222
dg_webhook_0223,dg_webhook_0223
dg_webhook_0224,dg_webhook_0224
dg_webhook_0225,dg_webhook_0225
dg_webhook_0226,dg_webhook_0226
dg_webhook_0227,dg_webhook_0227
dg_webhook_0228,dg_webhook_0228
dg_webhook_0229,dg_webhook_0229
dg_webhook_0230,dg_webhook_0230
dg_webhook_0231,dg_webhook_0231
dg_webhook_0232,dg_webhook_0232
dg_webhook_0233,dg_webhook_0233
dg_webhook_0234,dg_webhook_0234
dg_webhook_0235,dg_webhook_0235
dg_webhook_0236,dg_webhook_0236
dg_webhook_0237,dg_webhook_0237
dg_webhook_0238,dg_webhook_0238
dg_webhook_0239,dg_webhook_0239
dg_webhook_0240,dg_webhook_0240
